"Timestamp","Accuracy","Acceleration X","Acceleration Y","Acceleration Z","Label","Cycle"
"89282725045266","3","0.36834314","-0.03757939","9.4617605","none","0"
"89282744484328","3","0.28373206","0.04019386","9.949574","none","0"
"89282764956203","3","0.37594712","0.05200206","10.007687","none","0"
"89282784585891","3","0.32383972","0.09232042","9.982805","none","0"
"89282804956203","3","0.32389718","0.07704541","9.813746","none","0"
"89282824585891","3","0.36733758","0.03475423","9.918096","none","0"
"89282844956203","3","0.37132153","0.060037002","9.876264","none","0"
"89282864585891","3","0.4043328","0.03829765","9.929367","none","0"
"89282884803078","3","0.38156873","0.057479996","9.934022","none","0"
"89282904585891","3","0.4099448","0.05032612","9.937478","none","0"
"89282924803078","3","0.35717657","0.04867891","9.923372","none","0"
"89282944607766","3","0.3347956","0.048496947","9.880324","none","0"
"89282964803078","3","0.35189977","0.059194244","9.944718","none","0"
"89282984607766","3","0.32274795","0.066673726","9.929319","none","0"
"89283004803078","3","0.24724442","0.075513124","9.904295","none","0"
"89283024607766","3","0.2450226","0.11670297","9.907159","none","0"
"89283044803078","3","0.21174319","0.11631032","9.841883","none","0"
"89283064607766","3","0.17710388","0.11655932","9.884098","none","0"
"89283084804641","3","0.22426967","0.14850754","9.89355","none","0"
"89283104607766","3","0.15310441","0.1504708","9.831177","none","0"
"89283124803078","3","0.116128355","0.1548857","9.850186","none","0"
"89283144607766","3","0.015188815","0.18641256","9.809849","none","0"
"89283164803078","3","0.039906554","0.193576","9.844813","none","0"
"89283184773391","3","0.43243113","0.12646173","9.91528","none","0"
"89283204803078","3","0.121338144","0.21516213","9.794889","none","0"
"89283224585891","3","0.055890244","0.19191921","9.775804","none","0"
"89283244956203","3","0.04238695","0.170199","9.886511","none","0"
"89283264585891","3","0.0742394","0.1685901","9.850646","none","0"
"89283284956203","3","0.15947299","0.16168523","9.843195","none","0"
"89283304585891","3","0.068225175","0.14630488","9.843014","none","0"
"89283324956203","3","0.11658804","0.21407036","9.851364","none","0"
"89283344585891","3","0.12696931","0.1289517","9.851336","none","0"
"89283364956203","3","-0.05706819","0.19314504","9.837564","none","0"
"89283384585891","3","0.24530032","0.20639934","9.81955","none","0"
"89283404956203","3","0.2054225","0.1598848","10.138899","none","0"
"89283424587453","3","0.049559973","0.20457974","9.897275","none","0"
"89283444956203","3","0.13338578","0.19573078","9.840513","none","0"
"89283464585891","3","0.05683835","0.15275006","9.902859","none","0"
"89283484803078","3","0.081412435","0.17622283","9.867128","none","0"
"89283504585891","3","0.074852325","0.170199","9.869408","none","0"
"89283524803078","3","0.08261911","0.18692012","9.893358","none","0"
"89283544484328","3","0.07467037","0.18297447","9.853739","none","0"
"89283564803078","3","0.09010818","0.1779658","9.899181","none","0"
"89283584607766","3","0.07356903","0.17502573","9.896519","none","0"
"89283604803078","3","0.09874645","0.17485334","9.887823","none","0"
"89283624607766","3","0.08538681","0.16857095","9.878208","none","0"
"89283644803078","3","0.0858848","0.17098431","9.890226","none","0"
"89283664607766","3","0.08522401","0.17450857","9.877097","none","0"
"89283684803078","3","0.08543469","0.17354132","9.874952","none","0"
"89283704607766","3","0.07729441","0.16919345","9.88609","none","0"
"89283724803078","3","0.09257899","0.17281348","9.886866","none","0"
"89283744607766","3","0.06695145","0.16894445","9.876264","none","0"
"89283764803078","3","0.09172665","0.17820522","9.87091","none","0"
"89283784803078","3","0.085358076","0.18309897","9.864523","none","0"
"89283804803078","3","0.08603803","0.17447984","9.879108","none","0"
"89283824585891","3","0.098392114","0.17056292","9.884988","none","0"
"89283844803078","3","0.07343495","0.1756578","9.87161","none","0"
"89283864585891","3","0.090912625","0.1667705","9.876121","none","0"
"89283884956203","3","0.090912625","0.16881038","9.895897","none","0"
"89283904585891","3","0.086717986","0.18561767","9.871102","none","0"
"89283924956203","3","0.11216356","0.17199945","9.897208","none","0"
"89283944585891","3","0.22212446","0.1775923","9.900675","none","0"
"89283964956203","3","0.011166557","0.18244776","9.871792","none","0"
"89283984585891","3","-0.0665205","0.16343778","9.82248","none","0"
"89284004956203","3","0.25125712","0.1627291","9.9571495","none","0"
"89284024585891","3","0.0030454244","0.2061695","9.868402","none","0"
"89284044956203","3","0.059357047","0.18149006","9.833618","none","0"
"89284064585891","3","0.09714712","0.16684712","9.877547","none","0"
"89284084803078","3","0.14094186","0.17861702","9.8880825","none","0"
"89284104585891","3","0.026288334","0.16774735","9.862597","none","0"
"89284124803078","3","0.10818919","0.17268898","9.87725","none","0"
"89284144484328","3","0.18079096","0.17064913","9.939567","none","0"
"89284164803078","3","0.061674636","0.16781439","9.878437","none","0"
"89284184926516","3","0.10217495","0.17816691","9.894192","none","0"
"89284204803078","3","0.101427965","0.17876068","9.877097","none","0"
"89284224607766","3","0.073712684","0.16609056","9.896165","none","0"
"89284244803078","3","0.06830179","0.18058984","9.884701","none","0"
"89284264607766","3","0.09168835","0.17280391","9.881828","none","0"
"89284284803078","3","0.07971734","0.16818789","9.896261","none","0"
"89284304607766","3","0.07855855","0.18677646","9.879214","none","0"
"89284324803078","3","0.07037995","0.16955736","9.875219","none","0"
"89284344607766","3","0.07739017","0.17079277","9.881933","none","0"
"89284364803078","3","0.062689774","0.1712716","9.871993","none","0"
"89284384585891","3","0.09184158","0.17605044","9.8829775","none","0"
"89284404803078","3","0.06539044","0.17661548","9.894154","none","0"
"89284424587453","3","0.06751649","0.17266025","9.879204","none","0"
"89284444803078","3","0.09197565","0.18090588","9.885659","none","0"
"89284464585891","3","0.070715144","0.17870322","9.874731","none","0"
"89284484957766","3","0.08486009","0.17761147","9.884193","none","0"
"89284504484328","3","0.077744514","0.18503347","9.878774","none","0"
"89284524956203","3","0.0744501","0.17286135","9.884223","none","0"
"89284544585891","3","0.07763918","0.18148048","9.887009","none","0"
"89284564956203","3","0.0829543","0.16798677","9.87497","none","0"
"89284584585891","3","0.07692091","0.16365805","9.88676","none","0"
"89284604956203","3","0.08844181","0.18512926","9.870221","none","0"
"89284624585891","3","0.09209058","0.17921078","9.892123","none","0"
"89284644956203","3","0.08398859","0.17744866","9.8774605","none","0"
"89284664585891","3","0.078481935","0.15705962","9.868506","none","0"
"89284684957766","3","0.086181685","0.18934305","9.882661","none","0"
"89284704585891","3","0.08429505","0.17870322","9.907082","none","0"
"89284724803078","3","0.0671813","0.18004397","9.887755","none","0"
"89284744585891","3","0.07098329","0.177056","9.896146","none","0"
"89284764803078","3","0.07340623","0.18013974","9.880497","none","0"
"89284784607766","3","0.08388325","0.16357185","9.870297","none","0"
"89284804803078","3","0.08369171","0.17081192","9.874464","none","0"
"89284824607766","3","0.079621576","0.17412551","9.875604","none","0"
"89284844803078","3","0.070025615","0.17439364","9.884108","none","0"
"89284864607766","3","0.080244064","0.17723796","9.884567","none","0"
"89284884803078","3","0.074086174","0.18036","9.885428","none","0"
"89284904607766","3","0.07728483","0.17893305","9.888734","none","0"
"89284924803078","3","0.09005071","0.16951905","9.883886","none","0"
"89284944607766","3","0.080751635","0.16894445","9.885017","none","0"
"89284964803078","3","0.079956755","0.16713443","9.887881","none","0"
"89284984607766","3","0.058466405","0.18517713","9.886118","none","0"
"89285004803078","3","0.06871359","0.176309","9.879568","none","0"
"89285024585891","3","0.07347326","0.17348386","9.87814","none","0"
"89285044803078","3","0.080694176","0.17719966","9.880354","none","0"
"89285064585891","3","0.07438306","0.17311037","9.875067","none","0"
"89285084956203","3","0.08347145","0.17604086","9.890362","none","0"
"89285104585891","3","0.08452489","0.17740077","9.872989","none","0"
"89285124956203","3","0.07197928","0.1768932","9.89242","none","0"
"89285144585891","3","0.077054985","0.18394172","9.884193","none","0"
"89285164956203","3","0.07616434","0.16788143","9.876752","none","0"
"89285184804641","3","0.077083714","0.16617675","9.88608","none","0"
"89285204956203","3","0.06678865","0.17415424","9.889786","none","0"
"89285224585891","3","0.07093541","0.16881038","9.877586","none","0"
"89285244956203","3","0.07394253","0.1794119","9.897208","none","0"
"89285264585891","3","0.078290395","0.17399143","9.888196","none","0"
"89285284956203","3","0.07394253","0.17313908","9.884625","none","0"
"89285304585891","3","0.078951195","0.16951905","9.880535","none","0"
"89285324803078","3","0.07793605","0.16510415","9.890773","none","0"
"89285344585891","3","0.07330088","0.17177919","9.899066","none","0"
"89285364803078","3","0.090634905","0.18794484","9.87973","none","0"
"89285384585891","3","0.068225175","0.16943286","9.879348","none","0"
"89285404803078","3","0.071002446","0.18037915","9.88971","none","0"
"89285424607766","3","0.07527371","0.17470011","9.8916445","none","0"
"89285444803078","3","0.07751467","0.16394536","9.873295","none","0"
"89285464607766","3","0.08326076","0.19167021","9.8813305","none","0"
"89285484803078","3","0.066961035","0.17930655","9.885363","none","0"
"89285504607766","3","0.065064825","0.17121416","9.882231","none","0"
"89285524803078","3","0.083117105","0.17132907","9.888608","none","0"
"89285544607766","3","0.089744255","0.18261056","9.886396","none","0"
"89285564803078","3","0.07913315","0.18070477","9.885707","none","0"
"89285584607766","3","0.0844004","0.16838899","9.883475","none","0"
"89285604803078","3","0.07688261","0.17577271","9.8842125","none","0"
"89285624585891","3","0.07437348","0.17253575","9.882364","none","0"
"89285644803078","3","0.08206366","0.17559075","9.902265","none","0"
"89285664585891","3","0.07996634","0.17631859","9.882556","none","0"
"89285684803078","3","0.086210415","0.17976624","9.874224","none","0"
"89285704585891","3","0.08036856","0.18793526","9.885984","none","0"
"89285724956203","3","0.08553047","0.17564821","9.887344","none","0"
"89285744585891","3","0.07506301","0.18245733","9.888178","none","0"
"89285764956203","3","0.074153215","0.17873195","9.883016","none","0"
"89285784585891","3","0.07894162","0.177803","9.87976","none","0"
"89285804956203","3","0.07770621","0.16386874","9.879961","none","0"
"89285824585891","3","0.09042421","0.17538007","9.886616","none","0"
"89285844956203","3","0.071787745","0.17562906","9.88359","none","0"
"89285864585891","3","0.07141425","0.17192283","9.876809","none","0"
"89285884957766","3","0.074086174","0.18241902","9.893033","none","0"
"89285904484328","3","0.086239144","0.16603309","9.876609","none","0"
"89285924803078","3","0.07893205","0.17280391","9.880938","none","0"
"89285944585891","3","0.07477571","0.18654661","9.878964","none","0"
"89285964803078","3","0.081259206","0.16675135","9.897793","none","0"
"89285984585891","3","0.085645385","0.16957653","9.893589","none","0"
"89286004803078","3","0.0730423","0.17583017","9.889825","none","0"
"89286024609328","3","0.09363244","0.17302416","9.891175","none","0"
"89286044803078","3","0.07784986","0.18467914","9.88879","none","0"
"89286064607766","3","0.0723049","0.17588763","9.88383","none","0"
"89286084803078","3","0.07191224","0.17721881","9.891194","none","0"
"89286104607766","3","0.06630023","0.18658493","9.896422","none","0"
"89286124803078","3","0.0837013","0.17544709","9.889279","none","0"
"89286144607766","3","0.07466079","0.18927601","9.901365","none","0"
"89286164803078","3","0.07149086","0.19088492","9.894279","none","0"
"89286184926516","3","0.075580165","0.16142665","9.896902","none","0"
"89286204803078","3","0.08377791","0.17390522","9.886281","none","0"
"89286224585891","3","0.076997526","0.17797537","9.883821","none","0"
"89286244803078","3","0.080655865","0.17931613","9.874071","none","0"
"89286264585891","3","0.07773494","0.17500657","9.882317","none","0"
"89286284803078","3","0.07871178","0.17581102","9.888321","none","0"
"89286304585891","3","0.073894635","0.17771679","9.892372","none","0"
"89286324956203","3","0.07276458","0.16699079","9.888858","none","0"
"89286344585891","3","0.072458126","0.18195933","9.877931","none","0"
"89286364956203","3","0.08057925","0.17153977","9.881455","none","0"
"89286384585891","3","0.087311745","0.16743132","9.889758","none","0"
"89286404956203","3","0.075790845","0.1647115","9.884174","none","0"
"89286424587453","3","0.0642508","0.17434576","9.872472","none","0"
"89286444956203","3","0.08405563","0.17569609","9.887354","none","0"
"89286464585891","3","0.084477015","0.17269856","9.885056","none","0"
"89286484956203","3","0.08483135","0.17571525","9.889164","none","0"
"89286504585891","3","0.08237969","0.18787779","9.883236","none","0"
"89286524956203","3","0.07198885","0.1680538","9.875431","none","0"
"89286544585891","3","0.07756256","0.18056111","9.879079","none","0"
"89286564803078","3","0.07105033","0.18138471","9.880028","none","0"
"89286584803078","3","0.07897035","0.16676094","9.870834","none","0"
"89286604803078","3","0.078165896","0.16489346","9.874473","none","0"
"89286624607766","3","0.06700892","0.16430928","9.879664","none","0"
"89286644803078","3","0.08104852","0.17545667","9.870776","none","0"
"89286664607766","3","0.08383536","0.16191506","9.868478","none","0"
"89286684804641","3","0.07808928","0.16400282","9.874731","sit down","0"
"89286704607766","3","0.072822034","0.18223706","9.877988","sit down","0"
"89286724803078","3","0.077217795","0.17771679","9.893627","sit down","0"
"89286744607766","3","0.07037995","0.17058207","9.880239","sit down","0"
"89286764803078","3","0.068225175","0.17579187","9.881158","sit down","0"
"89286784607766","3","0.07452671","0.1654585","9.893455","sit down","0"
"89286804803078","3","0.083433144","0.1656979","9.887843","sit down","0"
"89286824607766","3","0.071730286","0.1742883","9.878256","sit down","0"
"89286844803078","3","0.0637145","0.17425","9.891434","sit down","0"
"89286864585891","3","0.076681495","0.17331147","9.87386","sit down","0"
"89286884801516","3","0.07575254","0.18563682","9.875526","sit down","0"
"89286904585891","3","0.08038772","0.17756356","9.877652","sit down","0"
"89286924803078","3","0.07318596","0.1837502","9.868555","sit down","0"
"89286944484328","3","0.07807971","0.17533219","9.868142","sit down","0"
"89286964956203","3","0.075953655","0.18456422","9.876447","sit down","0"
"89286984585891","3","0.06940312","0.16418476","9.874157","sit down","0"
"89287004956203","3","0.078376584","0.17300501","9.863345","sit down","0"
"89287024587453","3","0.07660488","0.17526513","9.879194","sit down","0"
"89287044956203","3","0.0750247","0.18100165","9.8725","sit down","0"
"89287064484328","3","0.07007349","0.1819689","9.86664","sit down","0"
"89287084956203","3","0.07839574","0.16357185","9.87025","sit down","0"
"89287104585891","3","0.07340623","0.1728901","9.883657","sit down","0"
"89287124956203","3","0.0941017","0.18175821","9.879214","sit down","0"
"89287144585891","3","0.078797966","0.16385916","9.876637","sit down","0"
"89287164803078","3","0.07521624","0.19290562","9.881971","sit down","0"
"89287184773391","3","0.06849332","0.17098431","9.883245","sit down","0"
"89287204803078","3","0.082140274","0.18017805","9.890399","sit down","0"
"89287224585891","3","0.075292856","0.18397047","9.878333","sit down","0"
"89287244803078","3","0.068062365","0.17282306","9.882231","sit down","0"
"89287264607766","3","0.07613561","0.16592775","9.872472","sit down","0"
"89287284804641","3","0.07445967","0.1767304","9.883466","sit down","0"
"89287304607766","3","0.076805994","0.17819566","9.869053","sit down","0"
"89287324803078","3","0.078922465","0.17856914","9.8824415","sit down","0"
"89287344607766","3","0.080090836","0.17736246","9.875067","sit down","0"
"89287364803078","3","0.06580224","0.18797356","9.879703","sit down","0"
"89287384607766","3","0.07490021","0.1766059","9.874981","sit down","0"
"89287404803078","3","0.08736921","0.17662504","9.879463","sit down","0"
"89287424607766","3","0.08202535","0.16965313","9.89173","sit down","0"
"89287444803078","3","0.07938215","0.1743362","9.884299","sit down","0"
"89287464484328","3","0.07776367","0.19104771","9.876628","sit down","0"
"89287484803078","3","0.07876924","0.18455464","9.88383","sit down","0"
"89287504585891","3","0.08395029","0.17688362","9.881406","sit down","0"
"89287524803078","3","0.07569508","0.15882176","9.887143","sit down","0"
"89287544585891","3","0.08553047","0.16984467","9.89219","sit down","0"
"89287564954641","3","0.087915085","0.16927963","9.880095","sit down","0"
"89287584585891","3","0.08797255","0.17550457","9.898042","sit down","0"
"89287604956203","3","0.07481402","0.17322528","9.862799","sit down","0"
"89287624585891","3","0.09626606","0.17770723","9.895983","sit down","0"
"89287644954641","3","0.06636727","0.1815571","9.918441","sit down","0"
"89287664585891","3","0.085894376","0.18079096","9.900838","sit down","0"
"89287684957766","3","0.08022491","0.17465222","9.889049","sit down","0"
"89287704585891","3","0.08478347","0.1684752","9.853327","sit down","0"
"89287724956203","3","0.07602069","0.17266025","9.888397","sit down","0"
"89287744585891","3","0.044072464","0.18234241","9.866668","sit down","0"
"89287764956203","3","0.09089347","0.16430928","9.880679","sit down","0"
"89287784484328","3","0.07356903","0.18805017","9.893119","sit down","0"
"89287804803078","3","0.07764875","0.1857709","9.87453","sit down","0"
"89287824585891","3","0.08774271","0.18532078","9.898855","sit down","0"
"89287844803078","3","0.07513005","0.17223887","9.887909","sit down","0"
"89287864607766","3","0.07019799","0.17926826","9.892678","sit down","0"
"89287884803078","3","0.13242808","0.19013792","9.923554","sit down","0"
"89287904607766","3","0.08656476","0.19651608","9.8571205","sit down","0"
"89287924803078","3","0.19215862","0.14111425","9.942814","sit down","0"
"89287944607766","3","0.20507774","0.17688362","9.923938","sit down","0"
"89287964803078","3","0.12575305","0.17743908","9.828256","sit down","0"
"89287984957766","3","0.1275056","0.18929517","9.913422","sit down","0"
"89288004803078","3","-0.033796553","0.14936946","9.848567","sit down","0"
"89288024607766","3","-0.21642625","0.08030152","9.693185","sit down","0"
"89288044803078","3","0.04748181","0.097597234","9.268022","sit down","0"
"89288064607766","3","0.16014336","0.2776795","10.139626","sit down","0"
"89288084803078","3","0.033327285","0.023597252","10.010942","sit down","0"
"89288104603078","3","0.24870008","0.21160911","9.883705","sit down","0"
"89288124803078","3","-0.056100935","0.19944657","9.452107","sit down","0"
"89288144585891","3","0.062076863","0.17431703","9.888915","sit down","0"
"89288164956203","3","0.14705187","0.24534822","9.832","sit down","0"
"89288184773391","3","0.24252306","0.21788193","9.79308","sit down","0"
"89288204956203","3","0.33706528","0.29420906","9.929808","sit down","0"
"89288224585891","3","0.5784966","0.31849584","9.91912","sit down","0"
"89288244956203","3","0.7418003","0.31581438","9.974264","sit down","0"
"89288264585891","3","0.756788","0.37956718","9.954631","sit down","0"
"89288284956203","3","0.7456789","0.4119176","10.047899","sit down","0"
"89288304585891","3","0.69888663","0.40849867","9.968671","sit down","0"
"89288324956203","3","0.6421057","0.39104015","9.995878","sit down","0"
"89288344484328","3","0.5411566","0.38046739","9.902208","sit down","0"
"89288364956203","3","0.5019587","0.33578202","9.876609","sit down","0"
"89288384585891","3","0.42449197","0.36599684","9.869043","sit down","0"
"89288404803078","3","0.45960054","0.32400253","9.872759","sit down","0"
"89288424587453","3","0.43163627","0.30265582","9.8242235","sit down","0"
"89288444803078","3","0.4437222","0.30896693","9.880573","sit down","0"
"89288464587453","3","0.4470166","0.31494287","9.89355","sit down","0"
"89288484803078","3","0.45604753","0.29198727","9.786308","sit down","0"
"89288504607766","3","0.4816655","0.27955657","9.8182955","sit down","0"
"89288524803078","3","0.500436","0.30324957","9.866572","sit down","0"
"89288544607766","3","0.5435987","0.2884151","9.861218","sit down","0"
"89288564803078","3","0.5696381","0.32228827","9.856009","sit down","0"
"89288584607766","3","0.57728994","0.33816662","9.891683","sit down","0"
"89288604803078","3","0.5770218","0.32097626","9.853098","sit down","0"
"89288624607766","3","0.6001019","0.33294725","9.897074","sit down","0"
"89288644803078","3","0.57422537","0.35009933","9.873429","sit down","0"
"89288664607766","3","0.60323346","0.3616681","9.8510475","sit down","0"
"89288684806203","3","0.63750887","0.37902126","9.932058","sit down","0"
"89288704485891","3","0.6454576","0.36145744","9.91348","sit down","0"
"89288724803078","3","0.6526977","0.36590105","9.903548","sit down","0"
"89288744589016","3","0.63188726","0.36769193","9.888005","sit down","0"
"89288764803078","3","0.59692234","0.3537768","9.863642","sit down","0"
"89288784587453","3","0.6127337","0.3432136","9.925555","sit down","0"
"89288804956203","3","0.583285","0.3514305","9.873285","sit down","0"
"89288824585891","3","0.5762364","0.3392584","9.88565","sit down","0"
"89288844956203","3","0.5429666","0.34221762","9.9119","sit down","0"
"89288864585891","3","0.5511644","0.30426475","9.8718","sit down","0"
"89288884956203","3","0.5499673","0.30945536","9.810654","sit down","0"
"89288904585891","3","0.5425836","0.31475136","9.814426","sit down","0"
"89288924956203","3","0.5368088","0.30923507","9.778235","sit down","0"
"89288944585891","3","0.5408023","0.31808406","9.839681","sit down","0"
"89288964956203","3","0.55705416","0.3339528","9.8202305","sit down","0"
"89288984587453","3","0.562647","0.31414798","9.81728","sit down","0"
"89289004803078","3","0.5530893","0.32452926","9.859649","sit down","0"
"89289024585891","3","0.5856313","0.33445084","9.866227","sit down","0"
"89289044803078","3","0.5799523","0.34051293","9.871715","sit down","0"
"89289064585891","3","0.5760641","0.33754414","9.865108","sit down","0"
"89289084803078","3","0.560473","0.33448914","9.877614","sit down","0"
"89289104607766","3","0.58620596","0.33641407","9.875258","sit down","0"
"89289124803078","3","0.5788414","0.34695813","9.870633","sit down","0"
"89289144607766","3","0.5591419","0.33810917","9.875479","sit down","0"
"89289164803078","3","0.5580789","0.3248836","9.852868","sit down","0"
"89289184926516","3","0.56946564","0.32999763","9.86097","sit down","0"
"89289204803078","3","0.57179284","0.32788113","9.873008","sit down","0"
"89289224607766","3","0.566449","0.31841925","9.863068","sit down","0"
"89289244803078","3","0.5592663","0.32841745","9.85034","sit down","0"
"89289264607766","3","0.5565274","0.32996887","9.849458","sit down","0"
"89289284803078","3","0.56066453","0.33208537","9.864149","sit down","0"
"89289304587453","3","0.56709063","0.32529542","9.863546","sit down","0"
"89289324803078","3","0.56128705","0.33629912","9.868487","sit down","0"
"89289344585891","3","0.5650699","0.33052433","9.84309","sit down","0"
"89289364803078","3","0.55990803","0.31809363","9.856153","sit down","0"
"89289384803078","3","0.56351846","0.3268277","9.858662","sit down","0"
"89289404956203","3","0.5790521","0.33619383","9.851938","sit down","0"
"89289424587453","3","0.5894237","0.32724905","9.8624735","sit down","0"
"89289444956203","3","0.57306653","0.331166","9.866323","sit down","0"
"89289464585891","3","0.57755804","0.33192256","9.844076","sit down","0"
"89289484956203","3","0.5886097","0.3323535","9.872567","sit down","0"
"89289504585891","3","0.5723387","0.32748848","9.866937","sit down","0"
"89289524956203","3","0.5688336","0.33514994","9.848817","sit down","0"
"89289544585891","3","0.57359326","0.33262163","9.857474","sit down","0"
"89289564956203","3","0.579234","0.33372298","9.8590355","sit down","0"
"89289584585891","3","0.57656205","0.32910696","9.871255","sit down","0"
"89289604956203","3","0.57651424","0.3485383","9.869761","sit down","0"
"89289624585891","3","0.5728654","0.32315975","9.861754","sit down","0"
"89289644803078","3","0.5680962","0.32841745","9.870308","sit down","0"
"89289664585891","3","0.5611817","0.33147246","9.864016","sit down","0"
"89289684803078","3","0.57161087","0.32183817","9.884193","sit down","0"
"89289704607766","3","0.5688527","0.33035195","9.85034","sit down","0"
"89289724803078","3","0.56130624","0.33231518","9.8539505","sit down","0"
"89289744607766","3","0.57416785","0.33127132","9.854668","sit down","0"
"89289764801516","3","0.5708447","0.33492965","9.861304","sit down","0"
"89289784607766","3","0.5614595","0.33155861","9.866783","sit down","0"
"89289804803078","3","0.56159353","0.323313","9.856957","sit down","0"
"89289824607766","3","0.56071246","0.3237152","9.866285","sit down","0"
"89289844803078","3","0.5791191","0.33497754","9.868191","sit down","0"
"89289864607766","3","0.5723674","0.32796732","9.865921","sit down","0"
"89289884803078","3","0.572444","0.3333878","9.856192","sit down","0"
"89289904607766","3","0.56471556","0.33194172","9.872749","sit down","0"
"89289924803078","3","0.5752309","0.32514217","9.865835","sit down","0"
"89289944484328","3","0.5747712","0.34067574","9.879473","sit down","0"
"89289964803078","3","0.5802108","0.334786","9.870412","sit down","0"
"89289984587453","3","0.56967634","0.34322318","9.864791","sit down","0"
"89290004803078","3","0.5676173","0.3277566","9.867674","sit down","0"
"89290024585891","3","0.58018214","0.33558092","9.8725","sit down","0"
"89290044956203","3","0.57761556","0.32843658","9.86616","sit down","0"
"89290064585891","3","0.577922","0.32204887","9.868373","sit down","0"
"89290084957766","3","0.57119906","0.3333495","9.865385","sit down","0"
"89290104484328","3","0.5656445","0.32994014","9.861803","sit down","0"
"89290124956203","3","0.57798904","0.34117374","9.84965","sit down","0"
"89290144585891","3","0.567263","0.32834083","9.872117","sit down","0"
"89290164956203","3","0.56798124","0.33880827","9.867367","sit down","0"
"89290184773391","3","0.57317185","0.33476683","9.868238","sit down","0"
"89290204956203","3","0.56502205","0.33468068","9.870527","sit down","0"
"89290224585891","3","0.5815899","0.3290878","9.861928","sit down","0"
"89290244803078","3","0.57987565","0.3539013","9.865279","sit down","0"
"89290264585891","3","0.57665783","0.33211407","9.863479","sit down","0"
"89290284803078","3","0.570816","0.33076376","9.874263","sit down","0"
"89290304585891","3","0.58023953","0.33121386","9.866696","sit down","0"
"89290324803078","3","0.58067054","0.33263123","9.85464","sit down","0"
"89290344607766","3","0.58448213","0.341643","9.867233","sit down","0"
"89290364803078","3","0.57988524","0.3330143","9.863604","sit down","0"
"89290384607766","3","0.5708256","0.33401027","9.86617","sit down","0"
"89290404801516","3","0.5801438","0.34206438","9.851661","sit down","0"
"89290424607766","3","0.5748766","0.32737356","9.868449","sit down","0"
"89290444803078","3","0.57520217","0.33100316","9.855769","sit down","0"
"89290464607766","3","0.5750394","0.33991918","9.880286","sit down","0"
"89290484803078","3","0.56978166","0.33588737","9.864273","sit down","0"
"89290504607766","3","0.5839075","0.33870292","9.861304","sit down","0"
"89290524803078","3","0.5868667","0.33335906","9.865365","sit down","0"
"89290544585891","3","0.567828","0.3288484","9.865528","sit down","0"
"89290564803078","3","0.56902516","0.33193213","9.858537","sit down","0"
"89290584585891","3","0.56988704","0.3303328","9.855943","sit down","0"
"89290604803078","3","0.57306653","0.33158737","9.875699","sit down","0"
"89290624585891","3","0.57727075","0.33834857","9.857571","sit down","0"
"89290644956203","3","0.566018","0.3368546","9.864992","sit down","0"
"89290664484328","3","0.589146","0.32684684","9.853375","sit down","0"
"89290684957766","3","0.5830456","0.33311006","9.860759","lay down","0"
"89290704585891","3","0.5761886","0.33249715","9.8533945","lay down","0"
"89290724956203","3","0.58196336","0.3367684","9.860768","lay down","0"
"89290744585891","3","0.5712469","0.34825101","9.849985","lay down","0"
"89290764956203","3","0.5640739","0.33337823","9.863623","lay down","0"
"89290784803078","3","0.5785541","0.33381876","9.862932","lay down","0"
"89290804956203","3","0.57660043","0.33573413","9.8644085","lay down","0"
"89290824589016","3","0.59034306","0.32769918","9.857225","lay down","0"
"89290844957766","3","0.576179","0.3342976","9.856756","lay down","0"
"89290864587453","3","0.5753171","0.34347218","9.86051","lay down","0"
"89290884803078","3","0.57305694","0.34612495","9.84536","lay down","0"
"89290904587453","3","0.5939344","0.3397468","9.85372","lay down","0"
"89290924803078","3","0.5611721","0.3392105","9.850808","lay down","0"
"89290944607766","3","0.57310486","0.33767822","9.84738","lay down","0"
"89290964803078","3","0.576179","0.34070447","9.8586235","lay down","0"
"89290984609328","3","0.57373697","0.33440295","9.849487","lay down","0"
"89291004803078","3","0.58101535","0.33608848","9.865739","lay down","0"
"89291024609328","3","0.5640452","0.328111","9.8466425","lay down","0"
"89291044803078","3","0.5703084","0.3352361","9.861467","lay down","0"
"89291064609328","3","0.56852716","0.32777578","9.852226","lay down","0"
"89291084803078","3","0.57208014","0.30879456","9.874512","lay down","0"
"89291104609328","3","0.56640106","0.33505416","9.84014","lay down","0"
"89291124803078","3","0.58530575","0.3427252","9.816189","lay down","0"
"89291144609328","3","0.5881021","0.3305339","9.854265","lay down","0"
"89291164804641","3","0.58586115","0.33915305","9.863","lay down","0"
"89291184773391","3","0.56169885","0.36066255","9.85419","lay down","0"
"89291204803078","3","0.5641409","0.33914346","9.930296","lay down","0"
"89291224587453","3","0.5435795","0.34667084","9.868756","lay down","0"
"89291244957766","3","0.5627811","0.32352367","9.872185","lay down","0"
"89291264587453","3","0.5545163","0.37899256","9.913671","lay down","0"
"89291284956203","3","0.5019779","0.34426707","9.821676","lay down","0"
"89291304585891","3","0.45244667","0.35462916","9.88562","lay down","0"
"89291324957766","3","0.5082028","0.34729335","9.763363","lay down","0"
"89291344587453","3","0.47082454","0.37817854","9.797006","lay down","0"
"89291364956203","3","0.4134116","0.35570174","9.835352","lay down","0"
"89291384587453","3","0.36251086","0.32508472","9.922511","lay down","0"
"89291404956203","3","0.4589493","0.34113544","9.492828","lay down","0"
"89291424587453","3","0.54743904","0.3106812","9.355458","lay down","0"
"89291444957766","3","0.4269532","0.388713","9.736395","lay down","0"
"89291464589016","3","0.62612206","0.35905364","9.748835","lay down","0"
"89291484804641","3","0.62320113","0.3128168","9.766725","lay down","0"
"89291504485891","3","0.5502737","0.35285744","9.757569","lay down","0"
"89291524803078","3","0.58555466","0.33059138","9.736634","lay down","0"
"89291544587453","3","0.61651653","0.3290016","9.687227","lay down","0"
"89291564803078","3","0.6739103","0.3476668","9.768966","lay down","0"
"89291584609328","3","0.7249068","0.28909507","9.943561","lay down","0"
"89291604803078","3","0.647938","0.33815706","9.971582","lay down","0"
"89291624609328","3","0.65616447","0.31031725","9.741155","lay down","0"
"89291644803078","3","0.77369106","0.35098997","9.701947","lay down","0"
"89291664609328","3","0.7326066","0.36306632","9.711735","lay down","0"
"89291684804641","3","0.6608189","0.2617916","9.79581","lay down","0"
"89291704607766","3","0.6746956","0.2866147","9.715163","lay down","0"
"89291724803078","3","0.6250782","0.27765077","9.796796","lay down","0"
"89291744609328","3","0.59535176","0.2740882","9.603296","lay down","0"
"89291764803078","3","0.8463216","0.29227456","9.427639","lay down","0"
"89291784587453","3","0.8520102","0.24761792","9.564654","lay down","0"
"89291804803078","3","0.67737716","0.2487767","9.7596855","lay down","0"
"89291824587453","3","0.8554291","0.21789151","9.668524","lay down","0"
"89291844803078","3","1.0192021","0.23611617","9.475178","lay down","0"
"89291864587453","3","1.0666648","0.18874928","9.648479","lay down","0"
"89291884956203","3","0.99832463","0.19480184","10.096416","lay down","0"
"89291904585891","3","0.97067636","0.1856464","10.256606","lay down","0"
"89291924956203","3","1.058467","0.14349887","10.152842","lay down","0"
"89291944585891","3","1.0925891","0.2199601","9.9139","lay down","0"
"89291964956203","3","1.1711382","0.18690096","9.823783","lay down","0"
"89291984585891","3","1.233646","0.22327366","9.8517475","lay down","0"
"89292004956203","3","1.2348908","0.25434083","9.508543","lay down","0"
"89292024585891","3","1.1587554","0.30975223","9.490798","lay down","0"
"89292044957766","3","1.0813556","0.2692232","9.468532","lay down","0"
"89292064585891","3","1.1296513","0.07547481","9.376249","lay down","0"
"89292084956203","3","0.93337476","-0.0019728222","10.1420965","lay down","0"
"89292104585891","3","0.80910605","0.042626366","10.257393","lay down","0"
"89292124803078","3","0.9459874","0.088585466","9.871984","lay down","0"
"89292144587453","3","0.97497636","0.0858848","9.690781","lay down","0"
"89292164803078","3","1.0516578","-0.039398983","10.017665","lay down","0"
"89292184959328","3","0.9241139","-0.059941236","9.987834","lay down","0"
"89292204803078","3","1.0572412","0.028203696","9.869196","lay down","0"
"89292224609328","3","1.1562941","-0.22043893","10.061346","lay down","0"
"89292244803078","3","1.0644621","0.09969456","9.750405","lay down","0"
"89292264609328","3","0.9966104","-0.33046687","9.851249","lay down","0"
"89292284803078","3","1.2014679","0.37309322","9.702455","lay down","0"
"89292304609328","3","1.4296736","-0.13102987","9.943608","lay down","0"
"89292324803078","3","1.4865503","0.21029711","9.954401","lay down","0"
"89292344609328","3","1.357838","0.23037967","9.625677","lay down","0"
"89292364803078","3","1.3265697","0.0983155","10.196924","lay down","0"
"89292384589016","3","1.266456","0.1502984","9.975517","lay down","0"
"89292404803078","3","0.6577638","0.092780106","9.463149","lay down","0"
"89292424587453","3","0.5650316","0.048362873","9.6783495","lay down","0"
"89292444804641","3","0.40379646","-0.035156455","9.735954","lay down","0"
"89292464587453","3","0.33417308","-0.052777782","9.594208","lay down","0"
"89292484956203","3","0.10172484","0.051302955","9.492713","lay down","0"
"89292504585891","3","0.34084815","0.079899296","9.49413","lay down","0"
"89292524956203","3","0.3641102","-0.051954176","9.733838","lay down","0"
"89292544484328","3","0.3524648","0.06789956","9.585896","lay down","0"
"89292564956203","3","0.44391373","0.1481532","9.53374","lay down","0"
"89292584585891","3","-0.3636601","-0.05303636","9.730304","lay down","0"
"89292604957766","3","0.18263929","-0.16198212","10.209402","lay down","0"
"89292624585891","3","0.81396157","0.16707696","10.311779","lay down","0"
"89292644956203","3","0.67245466","-0.0030454244","10.459875","lay down","0"
"89292664585891","3","0.9229552","0.35128686","8.511071","lay down","0"
"89292684957766","3","1.3908588","0.48239335","9.906862","lay down","0"
"89292704585891","3","1.3578476","0.32207757","9.732995","lay down","0"
"89292724803078","3","1.4424778","0.40583634","10.112017","lay down","0"
"89292744585891","3","1.7566258","0.2581524","10.354587","lay down","0"
"89292764803078","3","1.761826","0.28288928","10.612098","lay down","0"
"89292784609328","3","1.8972421","0.24455334","11.361665","lay down","0"
"89292804803078","3","1.7004291","0.20570982","10.794612","lay down","0"
"89292824607766","3","1.449239","0.2945347","9.789249","lay down","0"
"89292844803078","3","1.1672978","0.3885215","8.706801","lay down","0"
"89292864607766","3","1.0538701","0.43878055","8.063796","lay down","0"
"89292884804641","3","0.8623148","0.38394377","8.82905","lay down","0"
"89292904607766","3","0.47996083","0.21068017","10.006011","lay down","0"
"89292924803078","3","0.27939376","0.26408044","9.4774","lay down","0"
"89292944609328","3","0.28652847","0.30281863","9.5046835","lay down","0"
"89292964803078","3","0.41661027","0.3022153","9.687227","lay down","0"
"89292984607766","3","0.40133524","0.31432995","9.628407","lay down","0"
"89293004803078","3","0.39954436","0.30384335","9.697178","lay down","0"
"89293024485891","3","0.4673482","0.3380134","9.663055","lay down","0"
"89293044803078","3","0.6970574","0.34041718","9.871744","lay down","0"
"89293064585891","3","0.7983035","0.37767097","9.825832","lay down","0"
"89293084803078","3","0.57567143","0.36433047","9.724979","lay down","0"
"89293104585891","3","0.788334","0.19099984","9.849985","lay down","0"
"89293124956203","3","0.8836424","0.34449688","9.765949","lay down","0"
"89293144484328","3","1.0169611","0.26506686","9.901499","lay down","0"
"89293164957766","3","0.91718996","0.391203","10.018814","lay down","0"
"89293184773391","3","0.8964562","0.35364273","9.881559","lay down","0"
"89293204956203","3","0.72175604","0.35136345","9.8176155","lay down","0"
"89293224603078","3","0.77892","0.3215317","9.892966","lay down","0"
"89293244956203","3","0.5539225","0.3412791","9.764138","lay down","0"
"89293264585891","3","0.5764759","0.31248164","9.6764345","lay down","0"
"89293284956203","3","0.60145223","0.27582163","9.716389","lay down","0"
"89293304585891","3","0.66753215","0.29549238","9.80416","lay down","0"
"89293324801516","3","0.6587023","0.31385112","9.805693","lay down","0"
"89293344585891","3","0.7503811","0.2982505","9.751028","lay down","0"
"89293364803078","3","0.786773","0.27270913","9.791509","lay down","0"
"89293384585891","3","0.77390176","0.27745926","9.838206","lay down","0"
"89293404801516","3","0.8148043","0.28009287","9.86347","lay down","0"
"89293424607766","3","0.8328949","0.30226317","9.86347","lay down","0"
"89293444803078","3","0.8312573","0.3142246","9.867138","lay down","0"
"89293464607766","3","0.84187794","0.30903396","9.856257","lay down","0"
"89293484803078","3","0.8229446","0.31721258","9.857915","lay down","0"
"89293504609328","3","0.8038197","0.29739815","9.806439","lay down","0"
"89293524801516","3","0.77648747","0.29091468","9.826541","lay down","0"
"89293544609328","3","0.75161654","0.29149884","9.823907","lay down","0"
"89293564803078","3","0.73425376","0.29251397","9.805395","lay down","0"
"89293584957766","3","0.71732193","0.28422046","9.794794","lay down","0"
"89293604803078","3","0.72335535","0.28675833","9.808556","lay down","0"
"89293624585891","3","0.7262859","0.28985164","9.788895","lay down","0"
"89293644803078","3","0.7273872","0.2788862","9.807723","lay down","0"
"89293664585891","3","0.73483795","0.29377815","9.794172","lay down","0"
"89293684804641","3","0.7421259","0.28794587","9.807961","lay down","0"
"89293704585891","3","0.7705307","0.29797277","9.831158","lay down","0"
"89293724957766","3","0.7566252","0.297628","9.8247795","lay down","0"
"89293744585891","3","0.77907324","0.30447543","9.836156","lay down","0"
"89293764956203","3","0.78717524","0.30442753","9.817731","lay down","0"
"89293784585891","3","0.7945015","0.30073088","9.834317","lay down","0"
"89293804956203","3","0.782473","0.3032975","9.84626","lay down","0"
"89293824585891","3","0.7718236","0.29438147","9.831559","lay down","0"
"89293844956203","3","0.76792586","0.29248527","9.812396","lay down","0"
"89293864585891","3","0.764641","0.29827923","9.827652","lay down","0"
"89293884956203","3","0.74352413","0.29311734","9.816266","lay down","0"
"89293904585891","3","0.7457172","0.3018897","9.822241","lay down","0"
"89293924956203","3","0.7307104","0.2776891","9.80189","lay down","0"
"89293944484328","3","0.7288141","0.29116365","9.81004","lay down","0"
"89293964803078","3","0.7460045","0.309599","9.829779","lay down","0"
"89293984587453","3","0.75131965","0.29161376","9.817223","lay down","0"
"89294004803078","3","0.7614519","0.27631003","9.833648","lay down","0"
"89294024607766","3","0.76781094","0.28679663","9.820239","lay down","0"
"89294044803078","3","0.7528807","0.2872755","9.836357","lay down","0"
"89294064607766","3","0.75957483","0.30202374","9.831617","lay down","0"
"89294084803078","3","0.77152675","0.2999743","9.837861","lay down","0"
"89294104607766","3","0.7692953","0.29272467","9.825182","lay down","0"
"89294124803078","3","0.7628405","0.28928658","9.828581","lay down","0"
"89294144609328","3","0.7661445","0.28713185","9.815844","lay down","0"
"89294164803078","3","0.77108616","0.30255046","9.835228","lay down","0"
"89294184928078","3","0.7440796","0.2894973","9.83427","lay down","0"
"89294204803078","3","0.7569891","0.28666258","9.828352","lay down","0"
"89294224609328","3","0.75035244","0.30042443","9.804524","lay down","0"
"89294244803078","3","0.7609635","0.279298","9.836807","lay down","0"
"89294264585891","3","0.7637504","0.29827923","9.834777","lay down","0"
"89294284804641","3","0.7720247","0.29667032","9.831434","lay down","0"
"89294304484328","3","0.764708","0.2868254","9.823879","sit up","0"
"89294324956203","3","0.75593567","0.31122708","9.815758","sit up","0"
"89294344585891","3","0.76717883","0.2949082","9.839192","sit up","0"
"89294364956203","3","0.76715964","0.2932993","9.843358","sit up","0"
"89294384585891","3","0.75379044","0.2936153","9.839728","sit up","0"
"89294404956203","3","0.75331163","0.2924565","9.833245","sit up","0"
"89294424587453","3","0.7608677","0.30069256","9.827834","sit up","0"
"89294444956203","3","0.75151116","0.29108703","9.844909","sit up","0"
"89294464585891","3","0.7560506","0.29767588","9.839825","sit up","0"
"89294484957766","3","0.7555813","0.28607836","9.825804","sit up","0"
"89294504484328","3","0.7718523","0.29169038","9.850043","sit up","0"
"89294524956203","3","0.7685962","0.3114665","9.846212","sit up","0"
"89294544585891","3","0.76130825","0.30088413","9.829492","sit up","0"
"89294564803078","3","0.76271605","0.30615136","9.819886","sit up","0"
"89294584587453","3","0.7780485","0.2870552","9.838272","sit up","0"
"89294604803078","3","0.6953911","0.26378357","9.791423","sit up","0"
"89294624587453","3","0.7216507","0.30008924","9.789987","sit up","0"
"89294644803078","3","0.74070853","0.29729283","9.892219","sit up","0"
"89294664609328","3","0.78666764","0.30643865","9.82115","sit up","0"
"89294684804641","3","0.77468705","0.30590236","9.797696","sit up","0"
"89294704609328","3","0.78749126","0.33645236","9.859217","sit up","0"
"89294724803078","3","0.77499354","0.35884297","9.805951","sit up","0"
"89294744609328","3","0.6886873","0.33486265","9.830669","sit up","0"
"89294764803078","3","0.70768774","0.27641538","9.874665","sit up","0"
"89294784607766","3","0.7820325","0.27366683","9.845714","sit up","0"
"89294804803078","3","0.84598637","0.2624428","9.798606","sit up","0"
"89294824607766","3","0.781726","0.30784646","9.83131","sit up","0"
"89294844803078","3","0.7548822","0.28128996","9.762118","sit up","0"
"89294864585891","3","0.829361","0.20078734","9.857838","sit up","0"
"89294884803078","3","0.83210003","0.26258644","9.725496","sit up","0"
"89294904484328","3","0.801119","0.2682368","9.930364","sit up","0"
"89294924803078","3","0.84282607","0.17921078","9.787151","sit up","0"
"89294944585891","3","0.8236724","0.24302104","9.845858","sit up","0"
"89294964956203","3","0.7165941","0.18076222","9.801421","sit up","0"
"89294984804641","3","0.7878168","0.22086032","9.546574","sit up","0"
"89295004956203","3","0.789512","0.22806208","9.865739","sit up","0"
"89295024585891","3","0.9056307","0.24372974","9.721302","sit up","0"
"89295044956203","3","0.86554223","0.254925","9.82928","sit up","0"
"89295064585891","3","0.79251903","0.25106555","9.789422","sit up","0"
"89295084956203","3","0.837961","0.23997563","9.787171","sit up","0"
"89295104585891","3","0.8802714","0.22481553","9.525628","sit up","0"
"89295124956203","3","1.0024619","0.24509922","9.48439","sit up","0"
"89295144585891","3","1.0088974","0.27775612","9.428797","sit up","0"
"89295164803078","3","1.0453659","0.2771815","10.030852","sit up","0"
"89295184773391","3","1.1833293","0.22348437","9.728868","sit up","0"
"89295204803078","3","1.2443433","0.2466315","9.444178","sit up","0"
"89295224585891","3","1.2910684","0.23052332","9.55071","sit up","0"
"89295244803078","3","1.2681608","0.26616818","9.27191","sit up","0"
"89295264609328","3","1.2387887","0.18496644","9.948148","sit up","0"
"89295284803078","3","1.2522441","0.19197667","10.241562","sit up","0"
"89295304607766","3","1.0571071","0.6500449","7.7195096","sit up","0"
"89295324803078","3","1.2712445","0.2144247","8.909131","sit up","0"
"89295344607766","3","1.3561046","0.12954547","11.128872","sit up","0"
"89295364803078","3","0.82448643","-0.2077784","12.823469","sit up","0"
"89295384607766","3","0.90208733","0.18328093","9.810768","sit up","0"
"89295404803078","3","1.2248832","0.12302366","8.94716","sit up","0"
"89295424607766","3","1.3445454","0.3661309","10.374756","sit up","0"
"89295444803078","3","1.243194","0.4615542","10.35115","sit up","0"
"89295464585891","3","1.2699708","0.40889135","9.827001","sit up","0"
"89295484803078","3","1.2211099","0.45142195","9.886109","sit up","0"
"89295504585891","3","1.2486912","0.456603","9.930373","sit up","0"
"89295524803078","3","1.1693665","0.48470137","9.777987","sit up","0"
"89295544585891","3","1.1500212","0.44193134","9.849794","sit up","0"
"89295564956203","3","1.0794977","0.46463794","9.977184","sit up","0"
"89295584585891","3","1.1162343","0.36874536","9.861401","sit up","0"
"89295604956203","3","1.0335386","0.3877649","9.7479725","sit up","0"
"89295624585891","3","0.97535944","0.42330444","9.855846","sit up","0"
"89295644956203","3","1.0124121","0.32099542","9.701822","sit up","0"
"89295664585891","3","1.0145477","0.031996112","10.17849","sit up","0"
"89295684959328","3","1.1472824","0.45551124","9.229733","sit up","0"
"89295704484328","3","1.1585829","0.72201467","7.895876","sit up","0"
"89295724956203","3","1.4541136","0.54945016","10.837536","sit up","0"
"89295744587453","3","1.4329777","0.55850023","9.467421","sit up","0"
"89295764956203","3","1.3368839","0.5671672","10.043418","sit up","0"
"89295784585891","3","1.4316176","0.6198588","10.016612","sit up","0"
"89295804803078","3","1.3308218","0.7145447","10.058682","sit up","0"
"89295824585891","3","1.2710625","1.0463619","8.352279","sit up","0"
"89295844803078","3","1.3688608","1.0902716","8.604818","sit up","0"
"89295864607766","3","1.9394183","0.603291","12.980279","sit up","0"
"89295884803078","3","1.7098622","0.39402813","8.764492","sit up","0"
"89295904607766","3","1.7883346","0.032609027","10.497932","sit up","0"
"89295924803078","3","1.6436387","0.33712274","9.99154","sit up","0"
"89295944609328","3","1.5925943","0.47151408","9.498383","sit up","0"
"89295964803078","3","1.6961673","0.5208825","9.908969","sit up","0"
"89295984607766","3","1.5579644","0.55607724","9.550126","sit up","0"
"89296004803078","3","1.4675403","0.56149775","9.9291","sit up","0"
"89296024609328","3","1.2640427","0.5754512","9.525082","sit up","0"
"89296044803078","3","1.3019477","0.46911028","9.840964","sit up","0"
"89296064607766","3","1.2657282","0.50698656","9.596161","sit up","0"
"89296084803078","3","1.1447923","0.54105127","9.546036","sit up","0"
"89296104585891","3","1.2018604","0.4798938","9.720814","sit up","0"
"89296124803078","3","1.364513","0.49910486","9.783829","sit up","0"
"89296144585891","3","1.2930893","0.48971003","9.835831","sit up","0"
"89296164956203","3","1.30054","0.57071066","9.816256","sit up","0"
"89296184773391","3","1.6532441","0.50390285","9.893071","sit up","0"
"89296204956203","3","1.3970263","0.5928905","9.681807","sit up","0"
"89296224585891","3","1.534597","0.53577447","10.185212","sit up","0"
"89296244956203","3","1.1411148","0.63819844","9.429028","sit up","0"
"89296264585891","3","1.2272774","0.646377","9.904352","sit up","0"
"89296284957766","3","1.3381575","0.72557724","10.145018","sit up","0"
"89296304587453","3","1.4213705","0.67205244","9.958576","sit up","0"
"89296324956203","3","1.3198755","0.69412696","9.947343","sit up","0"
"89296344587453","3","1.3382437","0.70231515","9.870087","sit up","0"
"89296364957766","3","0.9516664","0.64319754","9.497453","sit up","0"
"89296384804641","3","0.9832699","0.6758831","9.893655","sit up","0"
"89296404803078","3","0.9958156","0.613586","9.6256485","sit up","0"
"89296424587453","3","0.80505514","0.630671","9.6900425","sit up","0"
"89296444803078","3","1.0499532","0.60198855","9.76546","sit up","0"
"89296464585891","3","1.1553748","0.52673393","9.25472","sit up","0"
"89296484803078","3","1.0168079","0.6490106","9.763363","sit up","0"
"89296504609328","3","0.76638395","0.73827606","9.797896","sit up","0"
"89296524803078","3","1.3113043","0.6458024","10.206883","sit up","0"
"89296544609328","3","0.83023256","0.6437338","9.302948","sit up","0"
"89296564803078","3","1.0640599","0.72197634","10.260226","sit up","0"
"89296584607766","3","1.1226029","0.65198904","9.529554","sit up","0"
"89296604803078","3","1.0868239","0.7527849","9.959841","sit up","0"
"89296624609328","3","0.9720555","0.74303573","9.757827","sit up","0"
"89296644803078","3","0.8645558","0.7338324","9.367947","sit up","0"
"89296664609328","3","1.192255","0.7615381","10.218807","sit up","0"
"89296684804641","3","0.9411128","0.8214602","9.619625","sit up","0"
"89296704585891","3","0.88528","0.7162302","10.080796","sit up","0"
"89296724803078","3","0.9226008","0.69660735","9.925891","sit up","0"
"89296744484328","3","0.9231467","0.73784506","9.760174","sit up","0"
"89296764803078","3","0.76350135","0.63146585","9.715518","sit up","0"
"89296784585891","3","0.80861765","0.6208165","9.840753","sit up","0"
"89296804956203","3","0.88859355","0.5423058","9.744755","sit up","0"
"89296824585891","3","0.82075155","0.63048905","9.776157","sit up","0"
"89296844956203","3","0.7596515","0.5140159","9.783742","sit up","0"
"89296864585891","3","0.7525646","0.56459105","9.746901","sit up","0"
"89296884956203","3","0.8527572","0.47730803","9.689124","sit up","0"
"89296904585891","3","0.71759015","0.6959465","9.721312","sit up","0"
"89296924956203","3","0.7571136","0.5507334","9.760394","sit up","0"
"89296944585891","3","0.7838233","0.5337346","9.81639","sit up","0"
"89296964956203","3","0.7974607","0.5746946","9.779319","sit up","0"
"89296984585891","3","0.81803167","0.62471426","9.88655","sit up","0"
"89297004803078","3","0.8587139","0.5591323","9.8030405","sit up","0"
"89297024585891","3","0.8320521","0.5920095","9.89469","sit up","0"
"89297044803078","3","0.7466749","0.6415407","9.794937","sit up","0"
"89297064585891","3","0.82101005","0.5904102","9.779165","sit up","0"
"89297084804641","3","0.9796499","0.66766626","9.968795","sit up","0"
"89297104607766","3","1.0174303","0.5124549","9.947764","sit up","0"
"89297124803078","3","0.8100925","0.6694667","9.711849","sit up","0"
"89297144609328","3","0.85456717","0.5068621","9.873285","sit up","0"
"89297164803078","3","0.7538192","0.6291387","9.841759","sit up","0"
"89297184929641","3","0.8774175","0.45610502","9.777738","sit up","0"
"89297204803078","3","0.83841115","0.5751639","9.831358","sit up","0"
"89297224609328","3","0.8327512","0.595007","9.789383","sit up","0"
"89297244803078","3","0.8375588","0.57733774","9.810586","sit up","0"
"89297264607766","3","0.8328374","0.5202026","9.837344","sit up","0"
"89297284803078","3","0.9388048","0.58587074","9.8252","sit up","0"
"89297304585891","3","0.8741709","0.62740535","9.858077","sit up","0"
"89297324803078","3","0.8313818","0.6200599","9.846011","sit up","0"
"89297344585891","3","0.8429506","0.5689485","9.815317","sit up","0"
"89297364803078","3","0.78707945","0.59816736","9.788397","sit up","0"
"89297384585891","3","0.82145065","0.5896248","9.80755","sit up","0"
"89297404956203","3","0.81264955","0.56340355","9.780649","sit up","0"
"89297424587453","3","0.8115482","0.54114705","9.803068","sit up","0"
"89297444956203","3","0.7865336","0.5809195","9.797151","sit up","0"
"89297464585891","3","0.77518505","0.5511644","9.78787","sit up","0"
"89297484956203","3","0.8556303","0.5880159","9.819942","sit up","0"
"89297504587453","3","0.848869","0.6078208","9.820814","sit up","0"
"89297524956203","3","0.85716254","0.5718407","9.80892","sit up","0"
"89297544585891","3","0.84926164","0.56708103","9.838522","sit up","0"
"89297564956203","3","0.8732228","0.58883953","9.815384","sit up","0"
"89297584585891","3","1.0306655","0.6551014","9.87863","sit up","0"
"89297604956203","3","0.8754638","0.59596467","9.834729","sit up","0"
"89297624585891","3","0.8485147","0.579981","9.791136","sit up","0"
"89297644803078","3","0.8612805","0.56967634","9.872643","sit up","0"
"89297664585891","3","0.88659203","0.60252476","9.827374","sit up","0"
"89297684804641","3","0.85078436","0.5906879","9.827029","sit up","0"
"89297704609328","3","0.8149097","0.5664202","9.803902","sit up","0"
"89297724803078","3","0.8169016","0.56805784","9.817051","sit up","0"
"89297744609328","3","0.84938616","0.5777113","9.826369","sit up","0"
"89297764803078","3","0.8138658","0.5724344","9.797581","sit up","0"
"89297784957766","3","0.85398304","0.5822412","9.81141","sit up","0"
"89297804803078","3","0.8403169","0.5879585","9.823055","sit up","0"
"89297824607766","3","0.824678","0.5872977","9.810979","sit up","0"
"89297844803078","3","0.8612135","0.5832754","9.818229","sit up","0"
"89297864609328","3","0.83300984","0.61865216","9.803452","sit up","0"
"89297884803078","3","0.8579478","0.60566604","9.821944","sit up","0"
"89297904607766","3","0.8465323","0.58887786","9.805999","sit up","0"
"89297924803078","3","0.868377","0.6022758","9.837727","sit up","0"
"89297944585891","3","0.88285714","0.6161047","9.8024845","sit up","0"
"89297964803078","3","0.8719491","0.6145533","9.854362","sit up","0"
"89297984585891","3","0.8747934","0.5974969","9.822729","sit up","0"
"89298004956203","3","0.86803216","0.61360514","9.800713","sit up","0"
"89298024585891","3","0.8742762","0.6048807","9.846451","sit up","0"
"89298044956203","3","0.8721885","0.59385777","9.826407","sit up","0"
"89298064585891","3","0.8653698","0.5854302","9.8492","sit up","0"
"89298084956203","3","0.839455","0.59791833","9.834365","sit up","0"
"89298104484328","3","0.82801074","0.6131742","9.802399","sit up","0"
"89298124956203","3","0.8534563","0.58595693","9.829836","sit up","0"
"89298144484328","3","0.8664712","0.5868763","9.831339","sit up","0"
"89298164956203","3","0.82371074","0.5941355","9.805549","sit up","0"
"89298184773391","3","0.8418971","0.5701552","9.808316","sit up","0"
"89298204957766","3","0.86603063","0.58883953","9.814694","sit up","0"
"89298224587453","3","0.8412267","0.60535955","9.811534","sit up","0"
"89298244803078","3","0.83021337","0.59685534","9.805903","sit up","0"
"89298264585891","3","0.84629285","0.6086923","9.808929","sit up","0"
"89298284803078","3","0.85506517","0.6108662","9.836606","sit up","0"
"89298304585891","3","0.87604797","0.6063939","9.824607","stand up","0"
"89298324803078","3","0.8634928","0.59020907","9.813795","stand up","0"
"89298344610891","3","0.88819134","0.62080693","9.833734","stand up","0"
"89298364803078","3","0.8663179","0.606662","9.825995","stand up","0"
"89298384607766","3","0.8656092","0.59832054","9.840131","stand up","0"
"89298404803078","3","0.8778293","0.5939057","9.834509","stand up","0"
"89298424607766","3","0.8775707","0.60502434","9.828581","stand up","0"
"89298444803078","3","0.84905094","0.5995464","9.839997","stand up","0"
"89298464609328","3","0.8209143","0.5898068","9.809064","stand up","0"
"89298484804641","3","0.86354065","0.6121974","9.829912","stand up","0"
"89298504607766","3","0.86935383","0.6035591","9.828696","stand up","0"
"89298524803078","3","0.868693","0.60115534","9.819914","stand up","0"
"89298544587453","3","0.86404824","0.59810036","9.837037","stand up","0"
"89298564803078","3","0.86846316","0.6011074","9.848146","stand up","0"
"89298584585891","3","1.0065607","0.5992017","9.888379","stand up","0"
"89298604803078","3","0.9646622","0.56926453","9.824434","stand up","0"
"89298624484328","3","0.929908","0.56917834","9.854265","stand up","0"
"89298644956203","3","0.75312966","0.5271266","9.842879","stand up","0"
"89298664585891","3","0.8114045","0.54799443","9.83993","stand up","0"
"89298684957766","3","0.8617498","0.5917988","9.790274","stand up","0"
"89298704585891","3","0.8291503","0.557351","9.843808","stand up","0"
"89298724956203","3","0.759096","0.54050535","9.891041","stand up","0"
"89298744585891","3","0.7368874","0.53813034","9.781004","stand up","0"
"89298764956203","3","0.90859956","0.5222616","9.706275","stand up","0"
"89298784585891","3","0.81300384","0.5894333","9.911104","stand up","0"
"89298804956203","3","0.7705211","0.5655392","9.859246","stand up","0"
"89298824585891","3","0.6882755","0.6072941","9.710058","stand up","0"
"89298844803078","3","0.7613561","0.62718505","9.836788","stand up","0"
"89298864585891","3","0.72716695","0.5999199","9.758727","stand up","0"
"89298884803078","3","0.5793202","0.54058206","9.647905","stand up","0"
"89298904585891","3","0.70647144","0.6377962","9.806095","stand up","0"
"89298924803078","3","0.71827966","0.63872516","9.700855","stand up","0"
"89298944609328","3","0.6241684","0.5878914","9.737563","stand up","0"
"89298964803078","3","0.73760563","0.54424995","9.783676","stand up","0"
"89298984609328","3","0.82720625","0.53565955","9.742419","stand up","0"
"89299004803078","3","0.8470303","0.584348","9.846537","stand up","0"
"89299024609328","3","0.9775142","0.61991626","9.753212","stand up","0"
"89299044803078","3","1.1276786","0.63990307","9.938657","stand up","0"
"89299064607766","3","1.2203821","0.64321667","9.877768","stand up","0"
"89299084803078","3","1.3419404","0.6592961","9.9791765","stand up","0"
"89299104609328","3","1.3399963","0.6936864","9.865184","stand up","0"
"89299124803078","3","1.3260908","0.6923552","9.92364","stand up","0"
"89299144585891","3","1.3377267","0.64734423","9.842966","stand up","0"
"89299164803078","3","1.3422948","0.63610107","9.793951","stand up","0"
"89299184804641","3","1.2379076","0.61962897","9.678513","stand up","0"
"89299204803078","3","1.1246235","0.6115653","9.843626","stand up","0"
"89299224585891","3","1.0693941","0.53475934","9.693022","stand up","0"
"89299244956203","3","1.0718745","0.55172944","9.492187","stand up","0"
"89299264585891","3","0.960343","0.6201844","9.602262","stand up","0"
"89299284956203","3","0.97547436","0.5120527","9.931234","stand up","0"
"89299304585891","3","0.99456096","0.49874094","9.37035","stand up","0"
"89299324956203","3","1.1489104","0.55130804","10.197958","stand up","0"
"89299344585891","3","1.075734","0.5842331","9.838934","stand up","0"
"89299364956203","3","1.1186285","0.5107215","10.483836","stand up","0"
"89299384585891","3","0.84489465","0.57756764","10.13274","stand up","0"
"89299404956203","3","0.88943636","0.4885129","10.448967","stand up","0"
"89299424587453","3","0.9377993","0.5240812","9.886377","stand up","0"
"89299444956203","3","0.97878796","0.5237173","10.352911","stand up","0"
"89299464585891","3","0.865705","0.5225106","10.358734","stand up","0"
"89299484803078","3","0.69602317","0.46021345","10.635648","stand up","0"
"89299504585891","3","0.56090397","0.4040838","11.345481","stand up","0"
"89299524803078","3","0.58635914","0.33940205","11.503124","stand up","0"
"89299544607766","3","0.77648747","0.60154796","10.499533","stand up","0"
"89299564803078","3","1.1344206","0.52363104","8.862271","stand up","0"
"89299584609328","3","1.1687438","0.32435688","7.1609135","stand up","0"
"89299604803078","3","1.172182","0.6368672","7.6522326","stand up","0"
"89299624609328","3","1.2505012","0.68297","8.592005","stand up","0"
"89299644803078","3","1.1103063","0.563528","10.369038","stand up","0"
"89299664609328","3","0.7580425","0.3976386","10.114822","stand up","0"
"89299684804641","3","0.7450277","0.4844332","10.238162","stand up","0"
"89299704607766","3","0.85359037","0.50728345","9.768305","stand up","0"
"89299724803078","3","0.9866505","0.4347966","9.481527","stand up","0"
"89299744609328","3","0.9108597","0.44526407","9.516425","stand up","0"
"89299764803078","3","0.8489456","0.50641197","10.088247","stand up","0"
"89299784585891","3","0.8551993","0.39996576","9.73876","stand up","0"
"89299804803078","3","0.8932479","0.37956718","9.755059","stand up","0"
"89299824585891","3","0.7528807","0.5213422","9.976246","stand up","0"
"89299844803078","3","0.6841575","0.4116686","9.798663","stand up","0"
"89299864585891","3","0.79368746","0.4328908","9.726569","stand up","0"
"89299884957766","3","0.72606564","0.4823646","9.859658","stand up","0"
"89299904484328","3","0.56731087","0.4814165","9.591851","stand up","0"
"89299924956203","3","0.72306806","0.52416736","9.692418","stand up","0"
"89299944585891","3","0.65188366","0.5455045","9.873544","stand up","0"
"89299964956203","3","0.7732505","0.68591005","9.866514","stand up","0"
"89299984585891","3","0.5970085","0.7075249","9.849153","stand up","0"
"89300004956203","3","0.7128113","0.73265445","9.921227","stand up","0"
"89300024585891","3","0.7437061","0.7816207","9.9319725","stand up","0"
"89300044956203","3","0.6146203","0.840451","10.01824","stand up","0"
"89300064585891","3","0.74792945","0.79657966","10.018087","stand up","0"
"89300084803078","3","0.5712757","0.8036856","9.732066","stand up","0"
"89300104585891","3","0.5377856","0.7006583","9.941894","stand up","0"
"89300124803078","3","0.73406225","0.6572658","9.872079","stand up","0"
"89300144585891","3","0.22927834","0.67094153","9.731817","stand up","0"
"89300164803078","3","0.5348934","0.4816368","10.106337","stand up","0"
"89300184928078","3","0.10858183","0.57247275","9.652215","stand up","0"
"89300204803078","3","0.52874506","0.48064077","9.83924","stand up","0"
"89300224609328","3","0.086689256","0.55372137","9.753881","stand up","0"
"89300244803078","3","0.2775167","0.52025044","9.951298","stand up","0"
"89300264607766","3","0.38160703","0.41203254","10.088763","stand up","0"
"89300284803078","3","0.31905133","0.27473944","9.676482","stand up","0"
"89300304609328","3","0.14724341","0.3313671","9.585856","stand up","0"
"89300324803078","3","0.3354564","0.2545228","9.930344","stand up","0"
"89300344607766","3","0.07496725","0.09468589","9.837324","stand up","0"
"89300364803078","3","0.0083222445","0.1211083","9.683339","stand up","0"
"89300384585891","3","0.02624045","0.16824535","9.83405","stand up","0"
"89300404803078","3","0.043919235","0.1870063","9.72769","stand up","0"
"89300424587453","3","0.18015888","0.21113028","10.021841","stand up","0"
"89300444803078","3","-0.070715144","0.08882488","9.790139","stand up","0"
"89300464585891","3","0.076489955","0.2329271","9.573876","stand up","0"
"89300484956203","3","0.21725945","0.27527574","10.076907","stand up","0"
"89300504585891","3","0.2294124","0.21899284","9.967368","stand up","0"
"89300524956203","3","0.09739613","0.22321622","9.838914","stand up","0"
"89300544585891","3","0.18276379","0.22419305","9.855204","stand up","0"
"89300564956203","3","0.08166143","0.2294603","9.854276","stand up","0"
"89300584804641","3","0.1253604","0.2511326","9.942938","stand up","0"
"89300604956203","3","0.13296439","0.18231368","9.86911","stand up","0"
"89300624585891","3","0.18687224","0.20691648","9.792333","stand up","0"
"89300644956203","3","0.117363766","0.28361714","9.886606","stand up","0"
"89300664585891","3","0.12056243","0.23746651","9.993092","stand up","0"
"89300684957766","3","0.14754029","0.2740403","9.847581","stand up","0"
"89300704585891","3","0.06603208","0.18909405","9.897726","stand up","0"
"89300724803078","3","-0.0036296097","0.14766479","9.801958","stand up","0"
"89300744585891","3","-0.22803333","0.17445111","9.712941","stand up","0"
"89300764803078","3","0.123550385","0.28820443","9.53736","stand up","0"
"89300784609328","3","0.044225693","0.15675317","10.108262","stand up","0"
"89300804803078","3","0.19112433","0.2588036","9.942775","stand up","0"
"89300824609328","3","0.030147787","0.24480234","9.758699","stand up","0"
"89300844803078","3","0.1510454","0.20528844","9.8758135","stand up","0"
"89300864609328","3","0.09365159","0.2030666","9.790265","stand up","0"
"89300884803078","3","0.18871099","0.2227661","9.991673","stand up","0"
"89300904609328","3","0.09754936","0.26713544","9.904458","stand up","0"
"89300924803078","3","0.104550004","0.22517946","9.796001","stand up","0"
"89300944607766","3","0.17430747","0.22213404","9.939002","stand up","0"
"89300964803078","3","0.04786488","0.18408537","9.763851","stand up","0"
"89300984585891","3","0.1387392","0.22183716","9.880985","stand up","0"
"89301004803078","3","0.13551182","0.24046403","9.803576","stand up","0"
"89301024585891","3","0.12212344","0.18642212","9.923631","stand up","0"
"89301044803078","3","0.09465716","0.22428882","9.804792","stand up","0"
"89301064585891","3","0.087321326","0.18860564","9.8981085","stand up","0"
"89301084956203","3","0.07167282","0.22915384","9.787688","stand up","0"
"89301104585891","3","0.122477785","0.2086882","9.935085","stand up","0"
"89301124956203","3","0.121012524","0.20808485","9.853586","stand up","0"
"89301144585891","3","0.11216356","0.23263022","9.937871","stand up","0"
"89301164956203","3","0.06590758","0.16162775","9.817596","stand up","0"
"89301184773391","3","0.0737031","0.19098069","9.837631","stand up","0"
"89301204956203","3","0.10591949","0.2260318","9.757723","stand up","0"
"89301224484328","3","0.106034406","0.20165882","9.830055","stand up","0"
"89301244956203","3","0.107490085","0.2015439","9.823984","stand up","0"
"89301264585891","3","0.12069649","0.20829555","9.895207","stand up","0"
"89301284957766","3","0.1415931","0.2166561","9.884165","stand up","0"
"89301304484328","3","0.09457097","0.19612342","9.874004","stand up","0"
"89301324803078","3","0.123521656","0.24815422","9.801612","stand up","0"
"89301344585891","3","0.15948255","0.18372147","9.925403","stand up","0"
"89301364803078","3","0.124086685","0.20310491","9.925671","stand up","0"
"89301384607766","3","0.119250394","0.21667525","9.846509","stand up","0"
"89301404803078","3","0.1224299","0.20000203","9.888455","stand up","0"
"89301424607766","3","0.060467955","0.21250933","9.843167","stand up","0"
"89301444803078","3","0.12595417","0.21132182","9.854238","stand up","0"
"89301464609328","3","0.052672435","0.19653523","9.870336","stand up","0"
"89301484803078","3","0.089140914","0.20895635","9.882402","stand up","0"
"89301504607766","3","0.10380301","0.19842187","9.793903","stand up","0"
"89301524803078","3","0.1263564","0.21213585","9.92909","stand up","0"
"89301544609328","3","0.092933334","0.21228908","9.842956","stand up","0"
"89301564803078","3","0.123234354","0.21484609","9.87408","stand up","0"
"89301584607766","3","0.13450626","0.20276015","9.868153","stand up","0"
"89301604803078","3","0.11523772","0.20801783","9.869139","stand up","0"
"89301624585891","3","0.10941502","0.20504901","9.89514","stand up","0"
"89301644803078","3","0.0495504","0.19846974","9.867692","stand up","0"
"89301664585891","3","0.06963296","0.21499932","9.874502","stand up","0"
"89301684804641","3","0.12123279","0.21672314","9.830956","stand up","0"
"89301704585891","3","0.12962209","0.21197304","9.859284","stand up","0"
"89301724956203","3","0.07868304","0.22137748","9.861851","stand up","0"
"89301744585891","3","0.15495273","0.22076456","9.897639","stand up","0"
"89301764956203","3","0.100671396","0.20982784","9.860653","stand up","0"
"89301784585891","3","0.12993811","0.21420443","9.8894415","stand up","0"
"89301804956203","3","0.12934434","0.20617908","9.872472","stand up","0"
"89301824484328","3","0.114011884","0.2233024","9.891453","stand up","0"
"89301844956203","3","0.17388608","0.21110155","9.8682","stand up","0"
"89301864585891","3","0.1882513","0.22116677","9.87452","stand up","0"
"89301884956203","3","0.1759834","0.20584388","9.977836","stand up","0"
"89301904585891","3","0.088700384","0.13874878","9.833753","stand up","0"
"89301924803078","3","0.11719138","0.22581153","9.928381","stand up","0"
"89301944585891","3","0.122755505","0.23012109","9.774032","stand up","0"
"89301964803078","3","0.10112151","0.18881632","9.978812","stand up","0"
"89301984804641","3","0.11507491","0.2060067","9.833791","stand up","0"
"89302004803078","3","0.123521656","0.19728222","9.893444","stand up","0"
"89302024607766","3","0.13845189","0.20996192","9.892573","stand up","0"
"89302044803078","3","0.12479537","0.2087265","9.875211","stand up","0"
"89302064609328","3","0.104195654","0.20796993","9.870987","stand up","0"
"89302084803078","3","0.12918155","0.19965728","9.880296","stand up","0"
"89302104609328","3","0.12382811","0.20809443","9.879079","stand up","0"
"89302124803078","3","0.10643663","0.21164744","9.906488","stand up","0"
"89302144609328","3","0.1258967","0.20107463","9.884193","stand up","0"
"89302164803078","3","0.11011413","0.2189737","9.875651","stand up","0"
"89302184928078","3","0.025905263","0.2273534","9.843244","stand up","0"
"89302204803078","3","0.09592129","0.22090821","9.984856","stand up","0"
"89302224585891","3","0.13590446","0.20770179","9.804074","stand up","0"
"89302244803078","3","0.15019305","0.20629399","9.951969","stand up","0"
"89302264585891","3","0.11203906","0.19851762","9.838905","stand up","0"
"89302284803078","3","0.14979084","0.19282901","10.006748","stand up","0"
"89302304585891","3","0.1019068","0.22193292","9.809408","none","1"
"89302324956203","3","0.11029608","0.20468509","9.906833","none","1"
"89302344484328","3","0.16076586","0.22009417","9.880669","none","1"
"89302364956203","3","0.08683291","0.20050003","9.8525715","none","1"
"89302384585891","3","0.13728352","0.20917661","9.883983","none","1"
"89302404956203","3","0.116731696","0.19410272","9.876637","none","1"
"89302424598391","3","0.112814784","0.20020314","9.902351","none","1"
"89302444956203","3","0.102241985","0.19172768","9.858662","none","1"
"89302464585891","3","0.13604811","0.21186769","9.87928","none","1"
"89302484956203","3","0.099493444","0.20444568","9.900331","none","1"
"89302504585891","3","0.12277467","0.20745279","9.853854","none","1"
"89302524956203","3","0.12818556","0.2004713","9.896777","none","1"
"89302544585891","3","0.10648451","0.20465636","9.858977","none","1"
"89302564803078","3","0.11870452","0.20375614","9.888244","none","1"
"89302584585891","3","0.11477803","0.21961533","9.8670025","none","1"
"89302604803078","3","0.11033439","0.20930111","9.875441","none","1"
"89302624609328","3","0.12330139","0.19536684","9.872223","none","1"
"89302644803078","3","0.12921028","0.21178152","9.876254","none","1"
"89302664609328","3","0.111368686","0.21592827","9.8752775","none","1"
"89302684806203","3","0.10416693","0.21853316","9.863873","none","1"
"89302704607766","3","0.11517068","0.2058343","9.885132","none","1"
"89302724803078","3","0.11603259","0.20714633","9.877433","none","1"
"89302744607766","3","0.11961432","0.20840089","9.8788395","none","1"
"89302764803078","3","0.108993635","0.20309533","9.883217","none","1"
"89302784609328","3","0.1086776","0.21520042","9.887363","none","1"
"89302804803078","3","0.114557765","0.20537461","9.870221","none","1"
"89302824609328","3","0.11523772","0.20296127","9.876408","none","1"
"89302844803078","3","0.12024638","0.2066675","9.860912","none","1"
"89302864484328","3","0.12224794","0.2078646","9.883868","none","1"
"89302884803078","3","0.109654434","0.20528844","9.87249","none","1"
"89302904585891","3","0.08092402","0.21084297","9.845503","none","1"
"89302924956203","3","0.06776549","0.20283677","9.918066","none","1"
"89302944585891","3","0.1251114","0.19682254","9.815222","none","1"
"89302964957766","3","0.10915644","0.19804837","9.9275675","none","1"
"89302984587453","3","0.13135548","0.20882227","9.847208","none","1"
"89303004956203","3","0.19466776","0.20736659","9.888646","none","1"
"89303024585891","3","0.11782346","0.18579963","9.880028","none","1"
"89303044956203","3","0.13199714","0.18893124","9.847898","none","1"
"89303064585891","3","-0.02885492","0.1934515","9.845877","none","1"
"89303084956203","3","0.17548542","0.22090821","9.873966","none","1"
"89303104585891","3","0.21136013","0.1967076","9.862819","none","1"
"89303124956203","3","0.18426733","0.1810208","9.875861","none","1"
"89303144585891","3","0.034744654","0.20139067","9.893483","none","1"
"89303164803078","3","0.118532136","0.2189258","9.866744","none","1"
"89303184773391","3","0.07575254","0.19152656","9.835945","none","1"
"89303204803078","3","0.117746845","0.18604863","9.891778","none","1"
"89303224585891","3","0.119987816","0.21055567","9.883111","none","1"
"89303244803078","3","0.13825078","0.1948114","9.88812","none","1"
"89303264607766","3","0.112719014","0.19321208","9.886205","none","1"
"89303284803078","3","0.0890643","0.2194238","9.863873","none","1"
"89303304609328","3","0.03620033","0.20271227","9.871025","none","1"
"89303324803078","3","0.24595155","0.22290018","9.843751","none","1"
"89303344609328","3","0.120715655","0.1128914","9.850857","none","1"
"89303364803078","3","0.08053137","0.18207425","9.854477","none","1"
"89303384957766","3","0.065658584","0.2598571","9.7989025","none","1"
"89303404803078","3","0.106091864","0.24041615","9.853854","none","1"
"89303424607766","3","0.0728412","0.20289423","9.865289","none","1"
"89303444803078","3","0.075924926","0.2154973","9.857636","none","1"
"89303464604641","3","0.037167586","0.21616767","9.870183","none","1"
"89303484803078","3","0.1280419","0.2022909","9.853548","none","1"
"89303504585891","3","0.07594407","0.19094236","9.86028","none","1"
"89303524803078","3","0.14409263","0.22294806","9.869033","none","1"
"89303544585891","3","0.1361439","0.22032402","9.874683","none","1"
"89303564956203","3","0.07714118","0.1658703","9.929492","none","1"
"89303584587453","3","0.12024638","0.1771805","9.91325","none","1"
"89303604956203","3","0.101073615","0.2053842","9.877509","none","1"
"89303624585891","3","0.07793605","0.19070296","9.861611","none","1"
"89303644956203","3","0.1913063","0.2257828","9.858077","none","1"
"89303664585891","3","0.14258908","0.19164148","9.907753","none","1"
"89303684957766","3","0.031469386","0.12264059","9.941559","none","1"
"89303704585891","3","0.17441282","0.20333476","9.882125","none","1"
"89303724956203","3","0.13864343","0.25205198","9.802628","none","1"
"89303744484328","3","0.06691315","0.17828183","9.891759","none","1"
"89303764803078","3","-0.08037814","0.15815139","9.891999","none","1"
"89303784585891","3","0.17766891","0.25504953","9.828256","none","1"
"89303804803078","3","0.17219098","0.23359747","9.85623","none","1"
"89303824585891","3","0.055325214","0.15477076","9.96077","none","1"
"89303844803078","3","0.10003932","0.17086938","9.896873","none","1"
"89303864607766","3","0.113255315","0.21125478","9.856459","none","1"
"89303884803078","3","0.101868495","0.228426","9.862263","none","1"
"89303904607766","3","0.11360966","0.19870916","9.881569","none","1"
"89303924803078","3","0.100757584","0.19788556","9.87816","none","1"
"89303944609328","3","0.112278484","0.20400514","9.89152","none","1"
"89303964803078","3","0.098238885","0.21117817","9.877815","none","1"
"89303984609328","3","0.10626425","0.19969557","9.890073","none","1"
"89304004803078","3","0.105019264","0.19889113","9.896739","none","1"
"89304024607766","3","0.105526835","0.20031807","9.873257","none","1"
"89304044803078","3","0.11286267","0.21285412","9.893723","none","1"
"89304064585891","3","0.1131404","0.20135236","9.894986","none","1"
"89304084804641","3","0.09005071","0.20225258","9.892716","none","1"
"89304104484328","3","0.1101237","0.19658312","9.88993","none","1"
"89304124803078","3","0.11058339","0.18873014","9.882134","none","1"
"89304144585891","3","0.10333375","0.20620781","9.873956","none","1"
"89304164956203","3","0.09635226","0.19411229","9.88404","none","1"
"89304184773391","3","0.108993635","0.19803879","9.880621","none","1"
"89304204956203","3","0.098392114","0.19730137","9.873688","none","1"
"89304224585891","3","0.09040506","0.20780712","9.879061","none","1"
"89304244956203","3","0.10563218","0.19818243","9.877241","none","1"
"89304264585891","3","0.11189541","0.20621738","9.8776045","none","1"
"89304284956203","3","0.109376706","0.1949359","9.885927","none","1"
"89304304585891","3","0.10112151","0.19969557","9.887574","none","1"
"89304324956203","3","0.119786695","0.1998488","9.889346","none","1"
"89304344585891","3","0.102625065","0.19957107","9.881532","none","1"
"89304364956203","3","0.10582372","0.20010738","9.886588","none","1"
"89304384585891","3","0.10171527","0.1984027","9.8843565","none","1"
"89304404803078","3","0.112000756","0.19298224","9.879262","none","1"
"89304424587453","3","0.10747092","0.19267578","9.871936","none","1"
"89304444803078","3","0.10245268","0.20266439","9.87069","none","1"
"89304464607766","3","0.10932883","0.1990252","9.887775","none","1"
"89304484803078","3","0.10279745","0.19327912","9.881234","none","1"
"89304504609328","3","0.10780612","0.20899466","9.893894","none","1"
"89304524803078","3","0.10319967","0.19681296","9.877346","none","1"
"89304544609328","3","0.1021558","0.1945624","9.8725195","none","1"
"89304564803078","3","0.10621636","0.19337487","9.891099","none","1"
"89304584609328","3","0.10201214","0.19937955","9.879941","none","1"
"89304604803078","3","0.11381078","0.21637838","9.883848","none","1"
"89304624607766","3","0.06644388","0.21899284","9.867425","none","1"
"89304644803078","3","0.09855492","0.20852539","9.829749","none","1"
"89304664609328","3","0.08688079","0.20770179","9.857379","none","1"
"89304684804641","3","0.10503841","0.20040427","9.875584","none","1"
"89304704585891","3","0.10702081","0.18986976","9.878122","none","1"
"89304724803078","3","0.10509588","0.19760783","9.874473","none","1"
"89304744585891","3","0.111158","0.20161094","9.8813305","none","1"
"89304764803078","3","0.10957782","0.21014388","9.890102","none","1"
"89304784804641","3","0.091669194","0.2008448","9.883964","none","1"
"89304804956203","3","0.11033439","0.18985061","9.878055","none","1"
"89304824585891","3","0.11727757","0.20845836","9.87408","none","1"
"89304844956203","3","0.099244446","0.2085637","9.884902","none","1"
"89304864589016","3","0.10449254","0.193078","9.865969","none","1"
"89304884956203","3","0.11225933","0.19267578","9.875029","none","1"
"89304904585891","3","0.10462662","0.199686","9.875728","none","1"
"89304924956203","3","0.09625649","0.1932025","9.883839","none","1"
"89304944585891","3","0.1035157","0.19477311","9.873526","none","1"
"89304964956203","3","0.097578086","0.1985751","9.87115","none","1"
"89304984585891","3","0.09603622","0.20173542","9.888972","none","1"
"89305004803078","3","0.101226844","0.20122786","9.881847","none","1"
"89305024587453","3","0.099598795","0.19449538","9.888685","none","1"
"89305044803078","3","0.09346006","0.20114169","9.887891","none","1"
"89305064585891","3","0.24626759","0.20211852","9.89876","none","1"
"89305084803078","3","0.0609468","0.19616173","9.889059","none","1"
"89305104609328","3","0.075561","0.18996555","9.9111805","none","1"
"89305124803078","3","0.08524316","0.17692193","9.898156","none","1"
"89305144607766","3","0.10749966","0.2081519","9.848741","none","1"
"89305164803078","3","0.13433386","0.20608331","9.843961","none","1"
"89305184928078","3","0.09618945","0.20353587","9.880392","none","1"
"89305204803078","3","0.08808747","0.18600075","9.902131","none","1"
"89305224607766","3","0.11746911","0.20188865","9.913575","none","1"
"89305244803078","3","0.11205822","0.20060538","9.88087","none","1"
"89305264607766","3","0.06921159","0.19887197","9.843626","none","1"
"89305284803078","3","0.10817004","0.19907309","9.848884","none","1"
"89305304585891","3","0.122793816","0.1961809","9.864024","none","1"
"89305324803078","3","0.106628165","0.18897912","9.88766","none","1"
"89305344585891","3","0.1017823","0.19477311","9.908691","none","1"
"89305364803078","3","0.12059115","0.2002223","9.883619","none","1"
"89305384585891","3","0.1109473","0.18678604","9.886233","none","1"
"89305404956203","3","0.09787496","0.19643947","9.879262","none","1"
"89305424587453","3","0.09617987","0.20258777","9.877317","none","1"
"89305444956203","3","0.11357135","0.20918618","9.877614","none","1"
"89305464585891","3","0.10485646","0.21119733","9.879703","none","1"
"89305484957766","3","0.09108501","0.18850029","9.875861","none","1"
"89305504484328","3","0.10071927","0.19866128","9.87772","none","1"
"89305524956203","3","0.1070687","0.19498378","9.871217","none","1"
"89305544585891","3","0.09416874","0.19696619","9.877088","none","1"
"89305564956203","3","0.108648874","0.19197667","9.879559","none","1"
"89305584585891","3","0.09841127","0.20267397","9.887574","none","1"
"89305604956203","3","0.10626425","0.1970811","9.888551","none","1"
"89305624585891","3","0.12251609","0.19374838","9.887977","none","1"
"89305644803078","3","0.10943417","0.20490536","9.888283","none","1"
"89305664585891","3","0.118560866","0.19797176","9.870757","none","1"
"89305684804641","3","0.110909","0.20197485","9.882643","none","1"
"89305704609328","3","0.1081413","0.202741","9.8946705","none","1"
"89305724803078","3","0.12008358","0.20655257","9.880085","none","1"
"89305744609328","3","0.10415735","0.19714814","9.878668","none","1"
"89305764803078","3","0.10874464","0.19232143","9.88314","none","1"
"89305784609328","3","0.11197203","0.21276791","9.883274","none","1"
"89305804803078","3","0.10578541","0.20345926","9.882145","none","1"
"89305824609328","3","0.098372966","0.19891028","9.878294","none","1"
"89305844803078","3","0.0984783","0.19503167","9.869819","none","1"
"89305864607766","3","0.104923494","0.20382318","9.8784","none","1"
"89305884803078","3","0.107423045","0.19185217","9.881598","none","1"
"89305904609328","3","0.10205045","0.19515617","9.875154","none","1"
"89305924803078","3","0.113322355","0.20243454","9.882671","none","1"
"89305944585891","3","0.10371682","0.20135236","9.891702","none","1"
"89305964803078","3","0.11530475","0.19951361","9.8707","none","1"
"89305984587453","3","0.10333375","0.2021664","9.881656","none","1"
"89306004956203","3","0.11825441","0.20041384","9.878563","none","1"
"89306024585891","3","0.10257718","0.19905393","9.8768","none","1"
"89306044956203","3","0.11309251","0.19987753","9.882805","none","1"
"89306064585891","3","0.106762245","0.19548178","9.890064","none","1"
"89306084956203","3","0.09843042","0.19274281","9.88497","none","1"
"89306104585891","3","0.10630256","0.20385191","9.889566","none","1"
"89306124956203","3","0.10387962","0.19356643","9.882297","none","1"
"89306144585891","3","0.09076898","0.2045989","9.877423","none","1"
"89306164956203","3","0.10784442","0.20619823","9.880592","none","1"
"89306184806203","3","0.094513506","0.22150196","9.902887","none","1"
"89306204957766","3","0.12921028","0.17360835","9.928907","none","1"
"89306224585891","3","0.13398911","0.18971653","9.928639","none","1"
"89306244803078","3","0.106723934","0.20272185","9.908863","none","1"
"89306264585891","3","0.110133275","0.19878578","9.873956","none","1"
"89306284803078","3","0.10147584","0.20241539","9.868756","sit down","1"
"89306304585891","3","0.10861056","0.19612342","9.877634","sit down","1"
"89306324803078","3","0.11331277","0.20774966","9.870326","sit down","1"
"89306344609328","3","0.09905291","0.19022411","9.8961935","sit down","1"
"89306364803078","3","0.10397539","0.19798133","9.890017","sit down","1"
"89306384609328","3","0.111158","0.20004034","9.871591","sit down","1"
"89306404803078","3","0.12188402","0.1989773","9.876666","sit down","1"
"89306424607766","3","0.10354444","0.19515617","9.893225","sit down","1"
"89306444803078","3","0.094580546","0.19569248","9.882892","sit down","1"
"89306464609328","3","0.10377428","0.20310491","9.88563","sit down","1"
"89306484803078","3","0.10721235","0.19291519","9.88927","sit down","1"
"89306504609328","3","0.11037269","0.19632454","9.887728","sit down","1"
"89306524803078","3","0.11158895","0.19359516","9.88314","sit down","1"
"89306544484328","3","0.10208876","0.20740491","9.879481","sit down","1"
"89306564803078","3","0.10741347","0.19156486","9.8825655","sit down","1"
"89306584585891","3","0.102969825","0.19922632","9.884673","sit down","1"
"89306604803078","3","0.09883265","0.1978281","9.881167","sit down","1"
"89306624585891","3","0.096438445","0.19957107","9.873707","sit down","1"
"89306644956203","3","0.105938636","0.2091383","9.880142","sit down","1"
"89306664585891","3","0.10803596","0.18927601","9.878611","sit down","1"
"89306684957766","3","0.099493444","0.19141163","9.889126","sit down","1"
"89306704585891","3","0.09755893","0.19786641","9.890744","sit down","1"
"89306724956203","3","0.11328405","0.19603723","9.878638","sit down","1"
"89306744484328","3","0.1131404","0.19076999","9.876408","sit down","1"
"89306764964016","3","0.106953785","0.20669623","9.895628","sit down","1"
"89306784585891","3","0.11375331","0.18819383","9.870125","sit down","1"
"89306804964016","3","0.1126424","0.19871874","9.872797","sit down","1"
"89306824585891","3","0.101743996","0.20722295","9.877672","sit down","1"
"89306844964016","3","0.093852706","0.20685902","9.875861","sit down","1"
"89306864585891","3","0.08837477","0.19400696","9.883773","sit down","1"
"89306884812453","3","0.11586021","0.20023188","9.867626","sit down","1"
"89306904484328","3","0.11711477","0.20547996","9.880296","sit down","1"
"89306924809328","3","0.112814784","0.2010076","9.881933","sit down","1"
"89306944607766","3","0.10378385","0.19937955","9.89086","sit down","1"
"89306964809328","3","0.105373606","0.21073765","9.880985","sit down","1"
"89306984607766","3","0.10157161","0.19593188","9.882193","sit down","1"
"89307004810891","3","0.09903376","0.19476353","9.8957815","sit down","1"
"89307024609328","3","0.048008535","0.23326229","9.766197","sit down","1"
"89307044809328","3","0.09519346","0.2341242","9.830439","sit down","1"
"89307064609328","3","0.08505162","0.22154985","9.886722","sit down","1"
"89307084810891","3","0.09775046","0.20305704","9.93724","sit down","1"
"89307104678078","3","0.15749058","0.31145692","9.426116","sit down","1"
"89307124809328","3","0.34061828","0.004261679","9.571042","sit down","1"
"89307144585891","3","-5.554548E-4","0.19959022","10.249826","sit down","1"
"89307164810891","3","0.006531382","0.24996424","10.169257","sit down","1"
"89307184781203","3","0.18461211","0.14337437","9.555767","sit down","1"
